timestamp,project_occupation,status,count
,,,
30/03/2016,Clerical and data entry,new,2993
,,,
30/03/2016,Clerical and data entry,open,3216
,,,
04/04/2016,Clerical and data entry,closed,1878
,,,
04/04/2016,Clerical and data entry,new,1938
,,,
04/04/2016,Clerical and data entry,open,1443
,,,
11/04/2016,Clerical and data entry,closed,3375
,,,
11/04/2016,Clerical and data entry,new,3342
,,,
11/04/2016,Clerical and data entry,open,9
,,,
18/04/2016,Business services,closed,67
,,,
18/04/2016,Business services,new,63
,,,
18/04/2016,Business services,open,165
,,,
18/04/2016,Clerical and data entry,closed,2980
,,,
18/04/2016,Clerical and data entry,new,3011
,,,
18/04/2016,Clerical and data entry,open,585
,,,
18/04/2016,Creative and multimedia,closed,368
,,,
18/04/2016,Creative and multimedia,new,388
,,,
18/04/2016,Creative and multimedia,open,1066
,,,
18/04/2016,Sales and marketing support,closed,103
,,,
18/04/2016,Sales and marketing support,new,77
,,,
18/04/2016,Sales and marketing support,open,181
,,,
18/04/2016,Software development and technology,closed,990
,,,
18/04/2016,Software development and technology,new,941
,,,
18/04/2016,Software development and technology,open,2653
,,,
18/04/2016,Writing and translation,closed,158
,,,
18/04/2016,Writing and translation,new,112
,,,
18/04/2016,Writing and translation,open,361
,,,
25/04/2016,Business services,closed,61
,,,
25/04/2016,Business services,new,70
,,,
25/04/2016,Business services,open,488
,,,
25/04/2016,Clerical and data entry,closed,2981
,,,
25/04/2016,Clerical and data entry,new,2301
,,,
25/04/2016,Clerical and data entry,open,895
,,,
25/04/2016,Creative and multimedia,closed,412
,,,
25/04/2016,Creative and multimedia,new,429
,,,
25/04/2016,Creative and multimedia,open,1887
,,,
25/04/2016,Sales and marketing support,closed,80
,,,
25/04/2016,Sales and marketing support,new,101
,,,
25/04/2016,Sales and marketing support,open,497
,,,
25/04/2016,Software development and technology,closed,1053
,,,
25/04/2016,Software development and technology,new,1065
,,,
25/04/2016,Software development and technology,open,5362
,,,
25/04/2016,Writing and translation,closed,147
,,,
25/04/2016,Writing and translation,new,145
,,,
25/04/2016,Writing and translation,open,1026
,,,
26/04/2016,Business services,closed,138
,,,
26/04/2016,Business services,new,94
,,,
26/04/2016,Business services,open,2262
,,,
26/04/2016,Clerical and data entry,closed,271
,,,
26/04/2016,Clerical and data entry,new,286
,,,
26/04/2016,Clerical and data entry,open,5939
,,,
26/04/2016,Creative and multimedia,closed,561
,,,
26/04/2016,Creative and multimedia,new,566
,,,
26/04/2016,Creative and multimedia,open,4337
,,,
26/04/2016,Sales and marketing support,closed,378
,,,
26/04/2016,Sales and marketing support,new,400
,,,
26/04/2016,Sales and marketing support,open,4600
,,,
26/04/2016,Software development and technology,closed,1475
,,,
26/04/2016,Software development and technology,new,1392
,,,
26/04/2016,Software development and technology,open,11589
,,,
26/04/2016,Writing and translation,closed,622
,,,
26/04/2016,Writing and translation,new,557
,,,
26/04/2016,Writing and translation,open,7376
,,,
28/04/2016,Business services,closed,139
,,,
28/04/2016,Business services,new,129
,,,
28/04/2016,Business services,open,419
,,,
28/04/2016,Clerical and data entry,closed,1766
,,,
28/04/2016,Clerical and data entry,new,1614
,,,
28/04/2016,Clerical and data entry,open,1431
,,,
28/04/2016,Creative and multimedia,closed,465
,,,
28/04/2016,Creative and multimedia,new,681
,,,
28/04/2016,Creative and multimedia,open,1851
,,,
28/04/2016,Sales and marketing support,closed,143
,,,
28/04/2016,Sales and marketing support,new,199
,,,
28/04/2016,Sales and marketing support,open,455
,,,
28/04/2016,Software development and technology,closed,1318
,,,
28/04/2016,Software development and technology,new,1770
,,,
28/04/2016,Software development and technology,open,5109
,,,
28/04/2016,Writing and translation,closed,279
,,,
28/04/2016,Writing and translation,new,352
,,,
28/04/2016,Writing and translation,open,892
,,,
29/04/2016,Business services,closed,30
,,,
29/04/2016,Business services,new,29
,,,
29/04/2016,Business services,open,518
,,,
29/04/2016,Clerical and data entry,closed,1040
,,,
29/04/2016,Clerical and data entry,new,1003
,,,
29/04/2016,Clerical and data entry,open,2005
,,,
29/04/2016,Creative and multimedia,closed,165
,,,
29/04/2016,Creative and multimedia,new,162
,,,
29/04/2016,Creative and multimedia,open,2367
,,,
29/04/2016,Sales and marketing support,closed,40
,,,
29/04/2016,Sales and marketing support,new,48
,,,
29/04/2016,Sales and marketing support,open,614
,,,
29/04/2016,Software development and technology,closed,379
,,,
29/04/2016,Software development and technology,new,374
,,,
29/04/2016,Software development and technology,open,6500
,,,
29/04/2016,Writing and translation,closed,71
,,,
29/04/2016,Writing and translation,new,94
,,,
29/04/2016,Writing and translation,open,1173
,,,
30/04/2016,Business services,closed,232
,,,
30/04/2016,Business services,new,255
,,,
30/04/2016,Business services,open,2671
,,,
30/04/2016,Clerical and data entry,closed,1787
,,,
30/04/2016,Clerical and data entry,new,1768
,,,
30/04/2016,Clerical and data entry,open,7446
,,,
30/04/2016,Creative and multimedia,closed,1786
,,,
30/04/2016,Creative and multimedia,new,1877
,,,
30/04/2016,Creative and multimedia,open,5646
,,,
30/04/2016,Sales and marketing support,closed,1140
,,,
30/04/2016,Sales and marketing support,new,1112
,,,
30/04/2016,Sales and marketing support,open,4522
,,,
30/04/2016,Software development and technology,closed,4467
,,,
30/04/2016,Software development and technology,new,4402
,,,
30/04/2016,Software development and technology,open,15388
,,,
30/04/2016,Writing and translation,closed,1526
,,,
30/04/2016,Writing and translation,new,1504
,,,
30/04/2016,Writing and translation,open,7674
,,,
01/05/2016,Business services,closed,71
,,,
01/05/2016,Business services,new,47
,,,
01/05/2016,Business services,open,2855
,,,
01/05/2016,Clerical and data entry,closed,920
,,,
01/05/2016,Clerical and data entry,new,1232
,,,
01/05/2016,Clerical and data entry,open,8293
,,,
01/05/2016,Creative and multimedia,closed,356
,,,
01/05/2016,Creative and multimedia,new,265
,,,
01/05/2016,Creative and multimedia,open,7167
,,,
01/05/2016,Sales and marketing support,closed,152
,,,
01/05/2016,Sales and marketing support,new,124
,,,
01/05/2016,Sales and marketing support,open,5482
,,,
01/05/2016,Software development and technology,closed,821
,,,
01/05/2016,Software development and technology,new,742
,,,
01/05/2016,Software development and technology,open,18969
,,,
01/05/2016,Writing and translation,closed,241
,,,
01/05/2016,Writing and translation,new,225
,,,
01/05/2016,Writing and translation,open,8937
,,,
02/05/2016,Business services,closed,42
,,,
02/05/2016,Business services,new,23
,,,
02/05/2016,Business services,open,501
,,,
02/05/2016,Clerical and data entry,closed,988
,,,
02/05/2016,Clerical and data entry,new,677
,,,
02/05/2016,Clerical and data entry,open,2337
,,,
02/05/2016,Creative and multimedia,closed,111
,,,
02/05/2016,Creative and multimedia,new,94
,,,
02/05/2016,Creative and multimedia,open,2370
,,,
02/05/2016,Sales and marketing support,closed,34
,,,
02/05/2016,Sales and marketing support,new,17
,,,
02/05/2016,Sales and marketing support,open,610
,,,
02/05/2016,Software development and technology,closed,374
,,,
02/05/2016,Software development and technology,new,227
,,,
02/05/2016,Software development and technology,open,6377
,,,
02/05/2016,Writing and translation,closed,70
,,,
02/05/2016,Writing and translation,new,47
,,,
02/05/2016,Writing and translation,open,1130
,,,
03/05/2016,Business services,closed,113
,,,
03/05/2016,Business services,new,133
,,,
03/05/2016,Business services,open,2770
,,,
03/05/2016,Clerical and data entry,closed,1176
,,,
03/05/2016,Clerical and data entry,new,1502
,,,
03/05/2016,Clerical and data entry,open,8038
,,,
03/05/2016,Creative and multimedia,closed,982
,,,
03/05/2016,Creative and multimedia,new,1033
,,,
03/05/2016,Creative and multimedia,open,6433
,,,
03/05/2016,Sales and marketing support,closed,542
,,,
03/05/2016,Sales and marketing support,new,580
,,,
03/05/2016,Sales and marketing support,open,5047
,,,
03/05/2016,Software development and technology,closed,2036
,,,
03/05/2016,Software development and technology,new,1996
,,,
03/05/2016,Software development and technology,open,17528
,,,
03/05/2016,Writing and translation,closed,783
,,,
03/05/2016,Writing and translation,new,808
,,,
03/05/2016,Writing and translation,open,8356
,,,
04/05/2016,Business services,closed,124
,,,
04/05/2016,Business services,new,159
,,,
04/05/2016,Business services,open,3058
,,,
04/05/2016,Clerical and data entry,closed,1522
,,,
04/05/2016,Clerical and data entry,new,1561
,,,
04/05/2016,Clerical and data entry,open,8805
,,,
04/05/2016,Creative and multimedia,closed,1366
,,,
04/05/2016,Creative and multimedia,new,1447
,,,
04/05/2016,Creative and multimedia,open,12297
,,,
04/05/2016,None,closed,14
,,,
04/05/2016,None,new,9
,,,
04/05/2016,None,open,89
,,,
04/05/2016,Sales and marketing support,closed,622
,,,
04/05/2016,Sales and marketing support,new,661
,,,
04/05/2016,Sales and marketing support,open,6683
,,,
04/05/2016,Software development and technology,closed,2260
,,,
04/05/2016,Software development and technology,new,2526
,,,
04/05/2016,Software development and technology,open,23060
,,,
04/05/2016,Writing and translation,closed,825
,,,
04/05/2016,Writing and translation,new,807
,,,
04/05/2016,Writing and translation,open,10508
,,,
05/05/2016,Business services,closed,137
,,,
05/05/2016,Business services,new,211
,,,
05/05/2016,Business services,open,3076
,,,
05/05/2016,Clerical and data entry,closed,1584
,,,
05/05/2016,Clerical and data entry,new,2037
,,,
05/05/2016,Clerical and data entry,open,8776
,,,
05/05/2016,Creative and multimedia,closed,1961
,,,
05/05/2016,Creative and multimedia,new,1872
,,,
05/05/2016,Creative and multimedia,open,11740
,,,
05/05/2016,None,closed,31
,,,
05/05/2016,None,new,8
,,,
05/05/2016,None,open,67
,,,
05/05/2016,Sales and marketing support,closed,719
,,,
05/05/2016,Sales and marketing support,new,740
,,,
05/05/2016,Sales and marketing support,open,6607
,,,
05/05/2016,Software development and technology,closed,2714
,,,
05/05/2016,Software development and technology,new,2763
,,,
05/05/2016,Software development and technology,open,22829
,,,
05/05/2016,Writing and translation,closed,997
,,,
05/05/2016,Writing and translation,new,978
,,,
05/05/2016,Writing and translation,open,10298
,,,
06/05/2016,Business services,closed,167
,,,
06/05/2016,Business services,new,177
,,,
06/05/2016,Business services,open,3120
,,,
06/05/2016,Clerical and data entry,closed,1715
,,,
06/05/2016,Clerical and data entry,new,1561
,,,
06/05/2016,Clerical and data entry,open,9098
,,,
06/05/2016,Creative and multimedia,closed,1878
,,,
06/05/2016,Creative and multimedia,new,1753
,,,
06/05/2016,Creative and multimedia,open,11734
,,,
06/05/2016,None,closed,13
,,,
06/05/2016,None,new,13
,,,
06/05/2016,None,open,62
,,,
06/05/2016,Sales and marketing support,closed,686
,,,
06/05/2016,Sales and marketing support,new,667
,,,
06/05/2016,Sales and marketing support,open,6661
,,,
06/05/2016,Software development and technology,closed,2864
,,,
06/05/2016,Software development and technology,new,2764
,,,
06/05/2016,Software development and technology,open,22728
,,,
06/05/2016,Writing and translation,closed,958
,,,
06/05/2016,Writing and translation,new,951
,,,
06/05/2016,Writing and translation,open,10318
,,,
07/05/2016,Business services,closed,126
,,,
07/05/2016,Business services,new,121
,,,
07/05/2016,Business services,open,3171
,,,
07/05/2016,Clerical and data entry,closed,1434
,,,
07/05/2016,Clerical and data entry,new,1719
,,,
07/05/2016,Clerical and data entry,open,9225
,,,
07/05/2016,Creative and multimedia,closed,1696
,,,
07/05/2016,Creative and multimedia,new,1537
,,,
07/05/2016,Creative and multimedia,open,11791
,,,
07/05/2016,None,closed,13
,,,
07/05/2016,None,new,17
,,,
07/05/2016,None,open,62
,,,
07/05/2016,Sales and marketing support,closed,587
,,,
07/05/2016,Sales and marketing support,new,564
,,,
07/05/2016,Sales and marketing support,open,6741
,,,
07/05/2016,Software development and technology,closed,2400
,,,
07/05/2016,Software development and technology,new,2602
,,,
07/05/2016,Software development and technology,open,23092
,,,
07/05/2016,Writing and translation,closed,889
,,,
07/05/2016,Writing and translation,new,954
,,,
07/05/2016,Writing and translation,open,10380
,,,
08/05/2016,Business services,closed,110
,,,
08/05/2016,Business services,new,86
,,,
08/05/2016,Business services,open,3182
,,,
08/05/2016,Clerical and data entry,closed,1836
,,,
08/05/2016,Clerical and data entry,new,1976
,,,
08/05/2016,Clerical and data entry,open,9108
,,,
08/05/2016,Creative and multimedia,closed,1250
,,,
08/05/2016,Creative and multimedia,new,1162
,,,
08/05/2016,Creative and multimedia,open,12078
,,,
08/05/2016,None,closed,13
,,,
08/05/2016,None,new,10
,,,
08/05/2016,None,open,66
,,,
08/05/2016,Sales and marketing support,closed,367
,,,
08/05/2016,Sales and marketing support,new,432
,,,
08/05/2016,Sales and marketing support,open,6938
,,,
08/05/2016,Software development and technology,closed,1938
,,,
08/05/2016,Software development and technology,new,1841
,,,
08/05/2016,Software development and technology,open,23756
,,,
08/05/2016,Writing and translation,closed,676
,,,
08/05/2016,Writing and translation,new,681
,,,
08/05/2016,Writing and translation,open,10658
,,,
09/05/2016,Business services,closed,85
,,,
09/05/2016,Business services,new,93
,,,
09/05/2016,Business services,open,3183
,,,
09/05/2016,Clerical and data entry,closed,1118
,,,
09/05/2016,Clerical and data entry,new,1069
,,,
09/05/2016,Clerical and data entry,open,9966
,,,
09/05/2016,Creative and multimedia,closed,1154
,,,
09/05/2016,Creative and multimedia,new,1038
,,,
09/05/2016,Creative and multimedia,open,12086
,,,
09/05/2016,None,closed,8
,,,
09/05/2016,None,new,11
,,,
09/05/2016,None,open,68
,,,
09/05/2016,Sales and marketing support,closed,456
,,,
09/05/2016,Sales and marketing support,new,452
,,,
09/05/2016,Sales and marketing support,open,6914
,,,
09/05/2016,Software development and technology,closed,1660
,,,
09/05/2016,Software development and technology,new,1474
,,,
09/05/2016,Software development and technology,open,23937
,,,
09/05/2016,Writing and translation,closed,664
,,,
09/05/2016,Writing and translation,new,572
,,,
09/05/2016,Writing and translation,open,10675
,,,
10/05/2016,Business services,closed,121
,,,
10/05/2016,Business services,new,149
,,,
10/05/2016,Business services,open,3155
,,,
10/05/2016,Clerical and data entry,closed,1581
,,,
10/05/2016,Clerical and data entry,new,1585
,,,
10/05/2016,Clerical and data entry,open,9454
,,,
10/05/2016,Creative and multimedia,closed,1827
,,,
10/05/2016,Creative and multimedia,new,1730
,,,
10/05/2016,Creative and multimedia,open,11297
,,,
10/05/2016,None,closed,10
,,,
10/05/2016,None,new,18
,,,
10/05/2016,None,open,69
,,,
10/05/2016,Sales and marketing support,closed,683
,,,
10/05/2016,Sales and marketing support,new,711
,,,
10/05/2016,Sales and marketing support,open,6683
,,,
10/05/2016,Software development and technology,closed,2549
,,,
10/05/2016,Software development and technology,new,2561
,,,
10/05/2016,Software development and technology,open,22862
,,,
10/05/2016,Writing and translation,closed,989
,,,
10/05/2016,Writing and translation,new,897
,,,
10/05/2016,Writing and translation,open,10258
,,,
11/05/2016,Business services,closed,148
,,,
11/05/2016,Business services,new,150
,,,
11/05/2016,Business services,open,3156
,,,
11/05/2016,Clerical and data entry,closed,1659
,,,
11/05/2016,Clerical and data entry,new,1574
,,,
11/05/2016,Clerical and data entry,open,9381
,,,
11/05/2016,Creative and multimedia,closed,1853
,,,
11/05/2016,Creative and multimedia,new,1951
,,,
11/05/2016,Creative and multimedia,open,11174
,,,
11/05/2016,None,closed,20
,,,
11/05/2016,None,new,13
,,,
11/05/2016,None,open,67
,,,
11/05/2016,Sales and marketing support,closed,790
,,,
11/05/2016,Sales and marketing support,new,780
,,,
11/05/2016,Sales and marketing support,open,6604
,,,
11/05/2016,Software development and technology,closed,2685
,,,
11/05/2016,Software development and technology,new,2922
,,,
11/05/2016,Software development and technology,open,22738
,,,
11/05/2016,Writing and translation,closed,929
,,,
11/05/2016,Writing and translation,new,929
,,,
11/05/2016,Writing and translation,open,10226
,,,
12/05/2016,Business services,closed,147
,,,
12/05/2016,Business services,new,188
,,,
12/05/2016,Business services,open,3159
,,,
12/05/2016,Clerical and data entry,closed,1405
,,,
12/05/2016,Clerical and data entry,new,1431
,,,
12/05/2016,Clerical and data entry,open,9552
,,,
12/05/2016,Creative and multimedia,closed,1799
,,,
12/05/2016,Creative and multimedia,new,1925
,,,
12/05/2016,Creative and multimedia,open,11326
,,,
12/05/2016,None,closed,9
,,,
12/05/2016,None,new,14
,,,
12/05/2016,None,open,71
,,,
12/05/2016,Sales and marketing support,closed,627
,,,
12/05/2016,Sales and marketing support,new,719
,,,
12/05/2016,Sales and marketing support,open,6757
,,,
12/05/2016,Software development and technology,closed,2556
,,,
12/05/2016,Software development and technology,new,2767
,,,
12/05/2016,Software development and technology,open,23104
,,,
12/05/2016,Writing and translation,closed,942
,,,
12/05/2016,Writing and translation,new,1050
,,,
12/05/2016,Writing and translation,open,10213
,,,
13/05/2016,Business services,closed,200
,,,
13/05/2016,Business services,new,127
,,,
13/05/2016,Business services,open,3147
,,,
13/05/2016,Clerical and data entry,closed,1571
,,,
13/05/2016,Clerical and data entry,new,1540
,,,
13/05/2016,Clerical and data entry,open,9411
,,,
13/05/2016,Creative and multimedia,closed,1815
,,,
13/05/2016,Creative and multimedia,new,1831
,,,
13/05/2016,Creative and multimedia,open,11436
,,,
13/05/2016,None,closed,12
,,,
13/05/2016,None,new,11
,,,
13/05/2016,None,open,73
,,,
13/05/2016,Sales and marketing support,closed,719
,,,
13/05/2016,Sales and marketing support,new,742
,,,
13/05/2016,Sales and marketing support,open,6757
,,,
13/05/2016,Software development and technology,closed,2718
,,,
13/05/2016,Software development and technology,new,2683
,,,
13/05/2016,Software development and technology,open,23153
,,,
13/05/2016,Writing and translation,closed,922
,,,
13/05/2016,Writing and translation,new,899
,,,
13/05/2016,Writing and translation,open,10341
,,,
14/05/2016,Business services,closed,172
,,,
14/05/2016,Business services,new,141
,,,
14/05/2016,Business services,open,3102
,,,
14/05/2016,Clerical and data entry,closed,1513
,,,
14/05/2016,Clerical and data entry,new,1622
,,,
14/05/2016,Clerical and data entry,open,9437
,,,
14/05/2016,Creative and multimedia,closed,1572
,,,
14/05/2016,Creative and multimedia,new,1639
,,,
14/05/2016,Creative and multimedia,open,11695
,,,
14/05/2016,None,closed,16
,,,
14/05/2016,None,new,12
,,,
14/05/2016,None,open,68
,,,
14/05/2016,Sales and marketing support,closed,660
,,,
14/05/2016,Sales and marketing support,new,580
,,,
14/05/2016,Sales and marketing support,open,6839
,,,
14/05/2016,Software development and technology,closed,2408
,,,
14/05/2016,Software development and technology,new,2432
,,,
14/05/2016,Software development and technology,open,23428
,,,
14/05/2016,Writing and translation,closed,860
,,,
14/05/2016,Writing and translation,new,882
,,,
14/05/2016,Writing and translation,open,10380
,,,
15/05/2016,Business services,closed,141
,,,
15/05/2016,Business services,new,81
,,,
15/05/2016,Business services,open,3102
,,,
15/05/2016,Clerical and data entry,closed,1482
,,,
15/05/2016,Clerical and data entry,new,1477
,,,
15/05/2016,Clerical and data entry,open,9577
,,,
15/05/2016,Creative and multimedia,closed,1148
,,,
15/05/2016,Creative and multimedia,new,1162
,,,
15/05/2016,Creative and multimedia,open,12186
,,,
15/05/2016,None,closed,14
,,,
15/05/2016,None,new,7
,,,
15/05/2016,None,open,66
,,,
15/05/2016,Sales and marketing support,closed,442
,,,
15/05/2016,Sales and marketing support,new,436
,,,
15/05/2016,Sales and marketing support,open,6977
,,,
15/05/2016,Software development and technology,closed,1963
,,,
15/05/2016,Software development and technology,new,1707
,,,
15/05/2016,Software development and technology,open,23897
,,,
15/05/2016,Writing and translation,closed,693
,,,
15/05/2016,Writing and translation,new,576
,,,
15/05/2016,Writing and translation,open,10569
,,,
16/05/2016,Business services,closed,155
,,,
16/05/2016,Business services,new,96
,,,
16/05/2016,Business services,open,3028
,,,
16/05/2016,Clerical and data entry,closed,1325
,,,
16/05/2016,Clerical and data entry,new,975
,,,
16/05/2016,Clerical and data entry,open,9729
,,,
16/05/2016,Creative and multimedia,closed,1262
,,,
16/05/2016,Creative and multimedia,new,953
,,,
16/05/2016,Creative and multimedia,open,12086
,,,
16/05/2016,None,closed,10
,,,
16/05/2016,None,new,3
,,,
16/05/2016,None,open,63
,,,
16/05/2016,Sales and marketing support,closed,521
,,,
16/05/2016,Sales and marketing support,new,399
,,,
16/05/2016,Sales and marketing support,open,6892
,,,
16/05/2016,Software development and technology,closed,1933
,,,
16/05/2016,Software development and technology,new,1438
,,,
16/05/2016,Software development and technology,open,23671
,,,
16/05/2016,Writing and translation,closed,706
,,,
16/05/2016,Writing and translation,new,533
,,,
16/05/2016,Writing and translation,open,10439
,,,
17/05/2016,Business services,closed,160
,,,
17/05/2016,Business services,new,153
,,,
17/05/2016,Business services,open,2964
,,,
17/05/2016,Clerical and data entry,closed,1514
,,,
17/05/2016,Clerical and data entry,new,1433
,,,
17/05/2016,Clerical and data entry,open,9190
,,,
17/05/2016,Creative and multimedia,closed,1785
,,,
17/05/2016,Creative and multimedia,new,2050
,,,
17/05/2016,Creative and multimedia,open,11255
,,,
17/05/2016,None,closed,15
,,,
17/05/2016,None,new,20
,,,
17/05/2016,None,open,51
,,,
17/05/2016,Sales and marketing support,closed,717
,,,
17/05/2016,Sales and marketing support,new,844
,,,
17/05/2016,Sales and marketing support,open,6574
,,,
17/05/2016,Software development and technology,closed,2830
,,,
17/05/2016,Software development and technology,new,2838
,,,
17/05/2016,Software development and technology,open,22279
,,,
17/05/2016,Writing and translation,closed,1029
,,,
17/05/2016,Writing and translation,new,1111
,,,
17/05/2016,Writing and translation,open,9943
,,,
18/05/2016,Business services,closed,157
,,,
18/05/2016,Business services,new,147
,,,
18/05/2016,Business services,open,2960
,,,
18/05/2016,Clerical and data entry,closed,3446
,,,
18/05/2016,Clerical and data entry,new,528
,,,
18/05/2016,Clerical and data entry,open,7177
,,,
18/05/2016,Creative and multimedia,closed,1892
,,,
18/05/2016,Creative and multimedia,new,1925
,,,
18/05/2016,Creative and multimedia,open,11413
,,,
18/05/2016,None,closed,11
,,,
18/05/2016,None,new,17
,,,
18/05/2016,None,open,60
,,,
18/05/2016,Sales and marketing support,closed,835
,,,
18/05/2016,Sales and marketing support,new,764
,,,
18/05/2016,Sales and marketing support,open,6583
,,,
18/05/2016,Software development and technology,closed,2655
,,,
18/05/2016,Software development and technology,new,2886
,,,
18/05/2016,Software development and technology,open,22462
,,,
18/05/2016,Writing and translation,closed,874
,,,
18/05/2016,Writing and translation,new,950
,,,
18/05/2016,Writing and translation,open,10180
,,,
19/05/2016,Business services,closed,196
,,,
19/05/2016,Business services,new,168
,,,
19/05/2016,Business services,open,2928
,,,
19/05/2016,Clerical and data entry,closed,695
,,,
19/05/2016,Clerical and data entry,new,682
,,,
19/05/2016,Clerical and data entry,open,7023
,,,
19/05/2016,Creative and multimedia,closed,1939
,,,
19/05/2016,Creative and multimedia,new,1877
,,,
19/05/2016,Creative and multimedia,open,11514
,,,
19/05/2016,None,closed,14
,,,
19/05/2016,None,new,16
,,,
19/05/2016,None,open,63
,,,
19/05/2016,Sales and marketing support,closed,753
,,,
19/05/2016,Sales and marketing support,new,788
,,,
19/05/2016,Sales and marketing support,open,6617
,,,
19/05/2016,Software development and technology,closed,3210
,,,
19/05/2016,Software development and technology,new,2777
,,,
19/05/2016,Software development and technology,open,22399
,,,
19/05/2016,Writing and translation,closed,1024
,,,
19/05/2016,Writing and translation,new,982
,,,
19/05/2016,Writing and translation,open,10144
,,,
20/05/2016,Business services,closed,50
,,,
20/05/2016,Business services,new,75
,,,
20/05/2016,Business services,open,785
,,,
20/05/2016,Clerical and data entry,closed,390
,,,
20/05/2016,Clerical and data entry,new,375
,,,
20/05/2016,Clerical and data entry,open,1161
,,,
20/05/2016,Creative and multimedia,closed,1395
,,,
20/05/2016,Creative and multimedia,new,1460
,,,
20/05/2016,Creative and multimedia,open,7095
,,,
20/05/2016,None,closed,16
,,,
20/05/2016,None,new,22
,,,
20/05/2016,None,open,63
,,,
20/05/2016,Sales and marketing support,closed,402
,,,
20/05/2016,Sales and marketing support,new,415
,,,
20/05/2016,Sales and marketing support,open,2069
,,,
20/05/2016,Software development and technology,closed,1306
,,,
20/05/2016,Software development and technology,new,1578
,,,
20/05/2016,Software development and technology,open,11188
,,,
20/05/2016,Writing and translation,closed,440
,,,
20/05/2016,Writing and translation,new,455
,,,
20/05/2016,Writing and translation,open,2677
,,,
21/05/2016,Business services,closed,235
,,,
21/05/2016,Business services,new,188
,,,
21/05/2016,Business services,open,2859
,,,
21/05/2016,Clerical and data entry,closed,833
,,,
21/05/2016,Clerical and data entry,new,887
,,,
21/05/2016,Clerical and data entry,open,6837
,,,
21/05/2016,Creative and multimedia,NULL,1
,,,
21/05/2016,Creative and multimedia,closed,1751
,,,
21/05/2016,Creative and multimedia,new,2004
,,,
21/05/2016,Creative and multimedia,open,11612
,,,
21/05/2016,None,closed,8
,,,
21/05/2016,None,new,17
,,,
21/05/2016,None,open,77
,,,
21/05/2016,Sales and marketing support,closed,856
,,,
21/05/2016,Sales and marketing support,new,851
,,,
21/05/2016,Sales and marketing support,open,6539
,,,
21/05/2016,Software development and technology,closed,3461
,,,
21/05/2016,Software development and technology,new,3437
,,,
21/05/2016,Software development and technology,open,21729
,,,
21/05/2016,Writing and translation,closed,1173
,,,
21/05/2016,Writing and translation,new,1140
,,,
21/05/2016,Writing and translation,open,9929
,,,
22/05/2016,Business services,closed,134
,,,
22/05/2016,Business services,new,79
,,,
22/05/2016,Business services,open,2913
,,,
22/05/2016,Clerical and data entry,closed,500
,,,
22/05/2016,Clerical and data entry,new,521
,,,
22/05/2016,Clerical and data entry,open,7224
,,,
22/05/2016,Creative and multimedia,closed,1300
,,,
22/05/2016,Creative and multimedia,new,1166
,,,
22/05/2016,Creative and multimedia,open,12318
,,,
22/05/2016,None,closed,7
,,,
22/05/2016,None,new,6
,,,
22/05/2016,None,open,87
,,,
22/05/2016,Sales and marketing support,closed,388
,,,
22/05/2016,Sales and marketing support,new,432
,,,
22/05/2016,Sales and marketing support,open,7002
,,,
22/05/2016,Software development and technology,closed,1803
,,,
22/05/2016,Software development and technology,new,1840
,,,
22/05/2016,Software development and technology,open,23363
,,,
22/05/2016,Writing and translation,closed,647
,,,
22/05/2016,Writing and translation,new,630
,,,
22/05/2016,Writing and translation,open,10422
,,,
23/05/2016,Business services,closed,109
,,,
23/05/2016,Business services,new,80
,,,
23/05/2016,Business services,open,2883
,,,
23/05/2016,Clerical and data entry,closed,451
,,,
23/05/2016,Clerical and data entry,new,414
,,,
23/05/2016,Clerical and data entry,open,7294
,,,
23/05/2016,Creative and multimedia,closed,1330
,,,
23/05/2016,Creative and multimedia,new,1123
,,,
23/05/2016,Creative and multimedia,open,12154
,,,
23/05/2016,None,closed,8
,,,
23/05/2016,None,new,13
,,,
23/05/2016,None,open,85
,,,
23/05/2016,Sales and marketing support,closed,438
,,,
23/05/2016,Sales and marketing support,new,404
,,,
23/05/2016,Sales and marketing support,open,6996
,,,
23/05/2016,Software development and technology,closed,1712
,,,
23/05/2016,Software development and technology,new,1499
,,,
23/05/2016,Software development and technology,open,23491
,,,
23/05/2016,Writing and translation,closed,657
,,,
23/05/2016,Writing and translation,new,521
,,,
23/05/2016,Writing and translation,open,10395
,,,
24/05/2016,Business services,closed,163
,,,
24/05/2016,Business services,new,178
,,,
24/05/2016,Business services,open,2800
,,,
24/05/2016,Clerical and data entry,closed,685
,,,
24/05/2016,Clerical and data entry,new,756
,,,
24/05/2016,Clerical and data entry,open,7023
,,,
24/05/2016,Creative and multimedia,closed,1845
,,,
24/05/2016,Creative and multimedia,new,1841
,,,
24/05/2016,Creative and multimedia,open,11432
,,,
24/05/2016,None,closed,18
,,,
24/05/2016,None,new,27
,,,
24/05/2016,None,open,80
,,,
24/05/2016,Sales and marketing support,closed,750
,,,
24/05/2016,Sales and marketing support,new,712
,,,
24/05/2016,Sales and marketing support,open,6650
,,,
24/05/2016,Software development and technology,closed,2545
,,,
24/05/2016,Software development and technology,new,2739
,,,
24/05/2016,Software development and technology,open,22445
,,,
24/05/2016,Writing and translation,closed,970
,,,
24/05/2016,Writing and translation,new,1023
,,,
24/05/2016,Writing and translation,open,9946
,,,
25/05/2016,Business services,closed,127
,,,
25/05/2016,Business services,new,154
,,,
25/05/2016,Business services,open,2851
,,,
25/05/2016,Clerical and data entry,closed,723
,,,
25/05/2016,Clerical and data entry,new,4069
,,,
25/05/2016,Clerical and data entry,open,7057
,,,
25/05/2016,Creative and multimedia,closed,1864
,,,
25/05/2016,Creative and multimedia,new,1941
,,,
25/05/2016,Creative and multimedia,open,11409
,,,
25/05/2016,None,closed,17
,,,
25/05/2016,None,new,11
,,,
25/05/2016,None,open,90
,,,
25/05/2016,Sales and marketing support,closed,707
,,,
25/05/2016,Sales and marketing support,new,773
,,,
25/05/2016,Sales and marketing support,open,6655
,,,
25/05/2016,Software development and technology,closed,2667
,,,
25/05/2016,Software development and technology,new,2951
,,,
25/05/2016,Software development and technology,open,22517
,,,
25/05/2016,Writing and translation,closed,907
,,,
25/05/2016,Writing and translation,new,1001
,,,
25/05/2016,Writing and translation,open,10062
,,,
26/05/2016,Business services,closed,116
,,,
26/05/2016,Business services,new,159
,,,
26/05/2016,Business services,open,2889
,,,
26/05/2016,Clerical and data entry,closed,1381
,,,
26/05/2016,Clerical and data entry,new,1082
,,,
26/05/2016,Clerical and data entry,open,9747
,,,
26/05/2016,Creative and multimedia,closed,2011
,,,
26/05/2016,Creative and multimedia,new,1904
,,,
26/05/2016,Creative and multimedia,open,11339
,,,
26/05/2016,None,closed,14
,,,
26/05/2016,None,new,20
,,,
26/05/2016,None,open,87
,,,
26/05/2016,Sales and marketing support,closed,789
,,,
26/05/2016,Sales and marketing support,new,674
,,,
26/05/2016,Sales and marketing support,open,6639
,,,
26/05/2016,Software development and technology,closed,2915
,,,
26/05/2016,Software development and technology,new,2655
,,,
26/05/2016,Software development and technology,open,22553
,,,
26/05/2016,Writing and translation,closed,1045
,,,
26/05/2016,Writing and translation,new,996
,,,
26/05/2016,Writing and translation,open,10018
,,,
27/05/2016,Business services,closed,161
,,,
27/05/2016,Business services,new,136
,,,
27/05/2016,Business services,open,2887
,,,
27/05/2016,Clerical and data entry,closed,1795
,,,
27/05/2016,Clerical and data entry,new,1365
,,,
27/05/2016,Clerical and data entry,open,9034
,,,
27/05/2016,Creative and multimedia,closed,1823
,,,
27/05/2016,Creative and multimedia,new,1982
,,,
27/05/2016,Creative and multimedia,open,11420
,,,
27/05/2016,None,closed,22
,,,
27/05/2016,None,new,13
,,,
27/05/2016,None,open,85
,,,
27/05/2016,Sales and marketing support,closed,685
,,,
27/05/2016,Sales and marketing support,new,660
,,,
27/05/2016,Sales and marketing support,open,6628
,,,
27/05/2016,Software development and technology,closed,2846
,,,
27/05/2016,Software development and technology,new,2763
,,,
27/05/2016,Software development and technology,open,22362
,,,
27/05/2016,Writing and translation,closed,938
,,,
27/05/2016,Writing and translation,new,964
,,,
27/05/2016,Writing and translation,open,10076
,,,
28/05/2016,Business services,closed,137
,,,
28/05/2016,Business services,new,151
,,,
28/05/2016,Business services,open,2886
,,,
28/05/2016,Clerical and data entry,closed,1348
,,,
28/05/2016,Clerical and data entry,new,1095
,,,
28/05/2016,Clerical and data entry,open,9045
,,,
28/05/2016,Creative and multimedia,closed,1689
,,,
28/05/2016,Creative and multimedia,new,1530
,,,
28/05/2016,Creative and multimedia,open,11713
,,,
28/05/2016,None,closed,18
,,,
28/05/2016,None,new,13
,,,
28/05/2016,None,open,80
,,,
28/05/2016,Sales and marketing support,closed,602
,,,
28/05/2016,Sales and marketing support,new,611
,,,
28/05/2016,Sales and marketing support,open,6686
,,,
28/05/2016,Software development and technology,closed,2496
,,,
28/05/2016,Software development and technology,new,2445
,,,
28/05/2016,Software development and technology,open,22629
,,,
28/05/2016,Writing and translation,closed,838
,,,
28/05/2016,Writing and translation,new,862
,,,
28/05/2016,Writing and translation,open,10202
,,,
29/05/2016,Business services,closed,108
,,,
29/05/2016,Business services,new,99
,,,
29/05/2016,Business services,open,2929
,,,
29/05/2016,Clerical and data entry,closed,976
,,,
29/05/2016,Clerical and data entry,new,885
,,,
29/05/2016,Clerical and data entry,open,9164
,,,
29/05/2016,Creative and multimedia,closed,1233
,,,
29/05/2016,Creative and multimedia,new,1163
,,,
29/05/2016,Creative and multimedia,open,12010
,,,
29/05/2016,None,closed,9
,,,
29/05/2016,None,new,10
,,,
29/05/2016,None,open,84
,,,
29/05/2016,Sales and marketing support,closed,431
,,,
29/05/2016,Sales and marketing support,new,334
,,,
29/05/2016,Sales and marketing support,open,6866
,,,
29/05/2016,Software development and technology,closed,1978
,,,
29/05/2016,Software development and technology,new,1787
,,,
29/05/2016,Software development and technology,open,23096
,,,
29/05/2016,Writing and translation,closed,667
,,,
29/05/2016,Writing and translation,new,583
,,,
29/05/2016,Writing and translation,open,10397
,,,
30/05/2016,Business services,closed,140
,,,
30/05/2016,Business services,new,101
,,,
30/05/2016,Business services,open,2888
,,,
30/05/2016,Clerical and data entry,closed,935
,,,
30/05/2016,Clerical and data entry,new,742
,,,
30/05/2016,Clerical and data entry,open,9113
,,,
30/05/2016,Creative and multimedia,closed,1206
,,,
30/05/2016,Creative and multimedia,new,1102
,,,
30/05/2016,Creative and multimedia,open,11967
,,,
30/05/2016,None,closed,13
,,,
30/05/2016,None,new,7
,,,
30/05/2016,None,open,81
,,,
30/05/2016,Sales and marketing support,closed,423
,,,
30/05/2016,Sales and marketing support,new,477
,,,
30/05/2016,Sales and marketing support,open,6777
,,,
30/05/2016,Software development and technology,closed,1656
,,,
30/05/2016,Software development and technology,new,1598
,,,
30/05/2016,Software development and technology,open,23227
,,,
30/05/2016,Writing and translation,closed,640
,,,
30/05/2016,Writing and translation,new,542
,,,
30/05/2016,Writing and translation,open,10340
,,,
31/05/2016,Business services,closed,94
,,,
31/05/2016,Business services,new,122
,,,
31/05/2016,Business services,open,2895
,,,
31/05/2016,Clerical and data entry,closed,1151
,,,
31/05/2016,Clerical and data entry,new,970
,,,
31/05/2016,Clerical and data entry,open,8704
,,,
31/05/2016,Creative and multimedia,closed,1567
,,,
31/05/2016,Creative and multimedia,new,1554
,,,
31/05/2016,Creative and multimedia,open,11502
,,,
31/05/2016,None,closed,26
,,,
31/05/2016,None,new,9
,,,
31/05/2016,None,open,62
,,,
31/05/2016,Sales and marketing support,closed,586
,,,
31/05/2016,Sales and marketing support,new,593
,,,
31/05/2016,Sales and marketing support,open,6668
,,,
31/05/2016,Software development and technology,closed,2312
,,,
31/05/2016,Software development and technology,new,2149
,,,
31/05/2016,Software development and technology,open,22513
,,,
31/05/2016,Writing and translation,closed,855
,,,
31/05/2016,Writing and translation,new,800
,,,
31/05/2016,Writing and translation,open,10027
,,,
01/06/2016,Business services,closed,122
,,,
01/06/2016,Business services,new,156
,,,
01/06/2016,Business services,open,2895
,,,
01/06/2016,Clerical and data entry,closed,1189
,,,
01/06/2016,Clerical and data entry,new,1291
,,,
01/06/2016,Clerical and data entry,open,8485
,,,
01/06/2016,Creative and multimedia,closed,1808
,,,
01/06/2016,Creative and multimedia,new,1818
,,,
01/06/2016,Creative and multimedia,open,11248
,,,
01/06/2016,None,closed,10
,,,
01/06/2016,None,new,9
,,,
01/06/2016,None,open,61
,,,
01/06/2016,Sales and marketing support,closed,742
,,,
01/06/2016,Sales and marketing support,new,672
,,,
01/06/2016,Sales and marketing support,open,6519
,,,
01/06/2016,Software development and technology,closed,2538
,,,
01/06/2016,Software development and technology,new,2780
,,,
01/06/2016,Software development and technology,open,22124
,,,
01/06/2016,Writing and translation,closed,962
,,,
01/06/2016,Writing and translation,new,1023
,,,
01/06/2016,Writing and translation,open,9865
,,,
02/06/2016,Business services,closed,158
,,,
02/06/2016,Business services,new,168
,,,
02/06/2016,Business services,open,2893
,,,
02/06/2016,Clerical and data entry,closed,1239
,,,
02/06/2016,Clerical and data entry,new,1313
,,,
02/06/2016,Clerical and data entry,open,8537
,,,
02/06/2016,Creative and multimedia,closed,1907
,,,
02/06/2016,Creative and multimedia,new,1761
,,,
02/06/2016,Creative and multimedia,open,11159
,,,
02/06/2016,None,closed,16
,,,
02/06/2016,None,new,9
,,,
02/06/2016,None,open,54
,,,
02/06/2016,Sales and marketing support,closed,659
,,,
02/06/2016,Sales and marketing support,new,658
,,,
02/06/2016,Sales and marketing support,open,6532
,,,
02/06/2016,Software development and technology,closed,2783
,,,
02/06/2016,Software development and technology,new,2604
,,,
02/06/2016,Software development and technology,open,22121
,,,
02/06/2016,Writing and translation,closed,886
,,,
02/06/2016,Writing and translation,new,947
,,,
02/06/2016,Writing and translation,open,10002
,,,
03/06/2016,Business services,closed,184
,,,
03/06/2016,Business services,new,157
,,,
03/06/2016,Business services,open,2877
,,,
03/06/2016,Clerical and data entry,closed,1259
,,,
03/06/2016,Clerical and data entry,new,1297
,,,
03/06/2016,Clerical and data entry,open,8591
,,,
03/06/2016,Creative and multimedia,closed,1901
,,,
03/06/2016,Creative and multimedia,new,1967
,,,
03/06/2016,Creative and multimedia,open,11019
,,,
03/06/2016,None,closed,17
,,,
03/06/2016,None,new,18
,,,
03/06/2016,None,open,46
,,,
03/06/2016,Sales and marketing support,closed,756
,,,
03/06/2016,Sales and marketing support,new,755
,,,
03/06/2016,Sales and marketing support,open,6434
,,,
03/06/2016,Software development and technology,closed,2929
,,,
03/06/2016,Software development and technology,new,2870
,,,
03/06/2016,Software development and technology,open,21796
,,,
03/06/2016,Writing and translation,closed,965
,,,
03/06/2016,Writing and translation,new,918
,,,
03/06/2016,Writing and translation,open,9984
,,,
04/06/2016,Business services,closed,156
,,,
04/06/2016,Business services,new,122
,,,
04/06/2016,Business services,open,2878
,,,
04/06/2016,Clerical and data entry,closed,1080
,,,
04/06/2016,Clerical and data entry,new,1116
,,,
04/06/2016,Clerical and data entry,open,8808
,,,
04/06/2016,Creative and multimedia,closed,1544
,,,
04/06/2016,Creative and multimedia,new,1584
,,,
04/06/2016,Creative and multimedia,open,11442
,,,
04/06/2016,None,closed,11
,,,
04/06/2016,None,new,9
,,,
04/06/2016,None,open,53
,,,
04/06/2016,Sales and marketing support,closed,518
,,,
04/06/2016,Sales and marketing support,new,608
,,,
04/06/2016,Sales and marketing support,open,6671
,,,
04/06/2016,Software development and technology,closed,2095
,,,
04/06/2016,Software development and technology,new,2188
,,,
04/06/2016,Software development and technology,open,22571
,,,
04/06/2016,Writing and translation,closed,747
,,,
04/06/2016,Writing and translation,new,714
,,,
04/06/2016,Writing and translation,open,10155
,,,
05/06/2016,Business services,closed,130
,,,
05/06/2016,Business services,new,107
,,,
05/06/2016,Business services,open,2870
,,,
05/06/2016,Clerical and data entry,closed,1226
,,,
05/06/2016,Clerical and data entry,new,1254
,,,
05/06/2016,Clerical and data entry,open,8698
,,,
05/06/2016,Creative and multimedia,closed,1223
,,,
05/06/2016,Creative and multimedia,new,1190
,,,
05/06/2016,Creative and multimedia,open,11803
,,,
05/06/2016,None,closed,9
,,,
05/06/2016,None,new,12
,,,
05/06/2016,None,open,53
,,,
05/06/2016,Sales and marketing support,closed,446
,,,
05/06/2016,Sales and marketing support,new,467
,,,
05/06/2016,Sales and marketing support,open,6833
,,,
05/06/2016,Software development and technology,closed,2050
,,,
05/06/2016,Software development and technology,new,1749
,,,
05/06/2016,Software development and technology,open,22709
,,,
05/06/2016,Writing and translation,closed,635
,,,
05/06/2016,Writing and translation,new,688
,,,
05/06/2016,Writing and translation,open,10234
,,,
06/06/2016,Business services,closed,119
,,,
06/06/2016,Business services,new,85
,,,
06/06/2016,Business services,open,2858
,,,
06/06/2016,Clerical and data entry,closed,904
,,,
06/06/2016,Clerical and data entry,new,681
,,,
06/06/2016,Clerical and data entry,open,9048
,,,
06/06/2016,Creative and multimedia,closed,1256
,,,
06/06/2016,Creative and multimedia,new,1109
,,,
06/06/2016,Creative and multimedia,open,11737
,,,
06/06/2016,None,closed,8
,,,
06/06/2016,None,new,12
,,,
06/06/2016,None,open,57
,,,
06/06/2016,Sales and marketing support,closed,490
,,,
06/06/2016,Sales and marketing support,new,409
,,,
06/06/2016,Sales and marketing support,open,6810
,,,
06/06/2016,Software development and technology,closed,1831
,,,
06/06/2016,Software development and technology,new,1740
,,,
06/06/2016,Software development and technology,open,22627
,,,
06/06/2016,Writing and translation,closed,647
,,,
06/06/2016,Writing and translation,new,559
,,,
06/06/2016,Writing and translation,open,10275
,,,
07/06/2016,Business services,closed,133
,,,
07/06/2016,Business services,new,164
,,,
07/06/2016,Business services,open,2810
,,,
07/06/2016,Clerical and data entry,closed,993
,,,
07/06/2016,Clerical and data entry,new,1105
,,,
07/06/2016,Clerical and data entry,open,8736
,,,
07/06/2016,Creative and multimedia,closed,1709
,,,
07/06/2016,Creative and multimedia,new,1804
,,,
07/06/2016,Creative and multimedia,open,11137
,,,
07/06/2016,None,closed,12
,,,
07/06/2016,None,new,15
,,,
07/06/2016,None,open,57
,,,
07/06/2016,Sales and marketing support,closed,662
,,,
07/06/2016,Sales and marketing support,new,715
,,,
07/06/2016,Sales and marketing support,open,6557
,,,
07/06/2016,Software development and technology,closed,2429
,,,
07/06/2016,Software development and technology,new,2455
,,,
07/06/2016,Software development and technology,open,21938
,,,
07/06/2016,Writing and translation,closed,879
,,,
07/06/2016,Writing and translation,new,918
,,,
07/06/2016,Writing and translation,open,9955
,,,
08/06/2016,Business services,closed,121
,,,
08/06/2016,Business services,new,149
,,,
08/06/2016,Business services,open,2853
,,,
08/06/2016,Clerical and data entry,closed,1116
,,,
08/06/2016,Clerical and data entry,new,1303
,,,
08/06/2016,Clerical and data entry,open,8725
,,,
08/06/2016,Creative and multimedia,closed,1813
,,,
08/06/2016,Creative and multimedia,new,2129
,,,
08/06/2016,Creative and multimedia,open,11128
,,,
08/06/2016,None,closed,11
,,,
08/06/2016,None,new,18
,,,
08/06/2016,None,open,61
,,,
08/06/2016,Sales and marketing support,closed,696
,,,
08/06/2016,Sales and marketing support,new,796
,,,
08/06/2016,Sales and marketing support,open,6576
,,,
08/06/2016,Software development and technology,closed,2398
,,,
08/06/2016,Software development and technology,new,2845
,,,
08/06/2016,Software development and technology,open,21995
,,,
08/06/2016,Writing and translation,closed,975
,,,
08/06/2016,Writing and translation,new,998
,,,
08/06/2016,Writing and translation,open,9898
,,,
09/06/2016,Business services,closed,125
,,,
09/06/2016,Business services,new,178
,,,
09/06/2016,Business services,open,2877
,,,
09/06/2016,Clerical and data entry,closed,1202
,,,
09/06/2016,Clerical and data entry,new,1297
,,,
09/06/2016,Clerical and data entry,open,8826
,,,
09/06/2016,Creative and multimedia,closed,1832
,,,
09/06/2016,Creative and multimedia,new,1899
,,,
09/06/2016,Creative and multimedia,open,11425
,,,
09/06/2016,None,closed,9
,,,
09/06/2016,None,new,10
,,,
09/06/2016,None,open,70
,,,
09/06/2016,Sales and marketing support,closed,724
,,,
09/06/2016,Sales and marketing support,new,737
,,,
09/06/2016,Sales and marketing support,open,6648
,,,
09/06/2016,Software development and technology,closed,2780
,,,
09/06/2016,Software development and technology,new,2705
,,,
09/06/2016,Software development and technology,open,22060
,,,
09/06/2016,Writing and translation,closed,989
,,,
09/06/2016,Writing and translation,new,1014
,,,
09/06/2016,Writing and translation,open,9907
,,,
10/06/2016,Business services,closed,155
,,,
10/06/2016,Business services,new,123
,,,
10/06/2016,Business services,open,2900
,,,
10/06/2016,Clerical and data entry,closed,1139
,,,
10/06/2016,Clerical and data entry,new,1350
,,,
10/06/2016,Clerical and data entry,open,8984
,,,
10/06/2016,Creative and multimedia,closed,1824
,,,
10/06/2016,Creative and multimedia,new,1833
,,,
10/06/2016,Creative and multimedia,open,11500
,,,
10/06/2016,None,closed,17
,,,
10/06/2016,None,new,13
,,,
10/06/2016,None,open,63
,,,
10/06/2016,Sales and marketing support,closed,725
,,,
10/06/2016,Sales and marketing support,new,719
,,,
10/06/2016,Sales and marketing support,open,6660
,,,
10/06/2016,Software development and technology,closed,2650
,,,
10/06/2016,Software development and technology,new,2616
,,,
10/06/2016,Software development and technology,open,22115
,,,
10/06/2016,Writing and translation,closed,943
,,,
10/06/2016,Writing and translation,new,1000
,,,
10/06/2016,Writing and translation,open,9978
,,,
11/06/2016,Business services,closed,98
,,,
11/06/2016,Business services,new,121
,,,
11/06/2016,Business services,open,2925
,,,
11/06/2016,Clerical and data entry,closed,1270
,,,
11/06/2016,Clerical and data entry,new,1153
,,,
11/06/2016,Clerical and data entry,open,9064
,,,
11/06/2016,Creative and multimedia,closed,1671
,,,
11/06/2016,Creative and multimedia,new,1713
,,,
11/06/2016,Creative and multimedia,open,11662
,,,
11/06/2016,None,closed,11
,,,
11/06/2016,None,new,13
,,,
11/06/2016,None,open,65
,,,
11/06/2016,Sales and marketing support,closed,639
,,,
11/06/2016,Sales and marketing support,new,660
,,,
11/06/2016,Sales and marketing support,open,6740
,,,
11/06/2016,Software development and technology,closed,2514
,,,
11/06/2016,Software development and technology,new,2478
,,,
11/06/2016,Software development and technology,open,22217
,,,
11/06/2016,Writing and translation,closed,761
,,,
11/06/2016,Writing and translation,new,821
,,,
11/06/2016,Writing and translation,open,10217
,,,
12/06/2016,Business services,closed,151
,,,
12/06/2016,Business services,new,89
,,,
12/06/2016,Business services,open,2895
,,,
12/06/2016,Clerical and data entry,closed,966
,,,
12/06/2016,Clerical and data entry,new,855
,,,
12/06/2016,Clerical and data entry,open,9251
,,,
12/06/2016,Creative and multimedia,closed,1152
,,,
12/06/2016,Creative and multimedia,new,1170
,,,
12/06/2016,Creative and multimedia,open,12223
,,,
12/06/2016,None,closed,9
,,,
12/06/2016,None,new,5
,,,
12/06/2016,None,open,69
,,,
12/06/2016,Sales and marketing support,closed,511
,,,
12/06/2016,Sales and marketing support,new,444
,,,
12/06/2016,Sales and marketing support,open,6889
,,,
12/06/2016,Software development and technology,closed,1935
,,,
12/06/2016,Software development and technology,new,1662
,,,
12/06/2016,Software development and technology,open,22760
,,,
12/06/2016,Writing and translation,closed,576
,,,
12/06/2016,Writing and translation,new,534
,,,
12/06/2016,Writing and translation,open,10462
,,,
13/06/2016,Business services,closed,122
,,,
13/06/2016,Business services,new,107
,,,
13/06/2016,Business services,open,2862
,,,
13/06/2016,Clerical and data entry,closed,949
,,,
13/06/2016,Clerical and data entry,new,767
,,,
13/06/2016,Clerical and data entry,open,9157
,,,
13/06/2016,Creative and multimedia,closed,1234
,,,
13/06/2016,Creative and multimedia,new,1107
,,,
13/06/2016,Creative and multimedia,open,12159
,,,
13/06/2016,None,closed,10
,,,
13/06/2016,None,new,13
,,,
13/06/2016,None,open,64
,,,
13/06/2016,Sales and marketing support,closed,442
,,,
13/06/2016,Sales and marketing support,new,421
,,,
13/06/2016,Sales and marketing support,open,6891
,,,
13/06/2016,Software development and technology,closed,1765
,,,
13/06/2016,Software development and technology,new,1709
,,,
13/06/2016,Software development and technology,open,22657
,,,
13/06/2016,Writing and translation,closed,636
,,,
13/06/2016,Writing and translation,new,526
,,,
13/06/2016,Writing and translation,open,10360
,,,
14/06/2016,Business services,closed,156
,,,
14/06/2016,Business services,new,153
,,,
14/06/2016,Business services,open,2813
,,,
14/06/2016,Clerical and data entry,closed,1135
,,,
14/06/2016,Clerical and data entry,new,1679
,,,
14/06/2016,Clerical and data entry,open,8789
,,,
14/06/2016,Creative and multimedia,closed,1742
,,,
14/06/2016,Creative and multimedia,new,1760
,,,
14/06/2016,Creative and multimedia,open,11524
,,,
14/06/2016,None,closed,13
,,,
14/06/2016,None,new,9
,,,
14/06/2016,None,open,64
,,,
14/06/2016,Sales and marketing support,closed,672
,,,
14/06/2016,Sales and marketing support,new,732
,,,
14/06/2016,Sales and marketing support,open,6640
,,,
14/06/2016,Software development and technology,closed,2474
,,,
14/06/2016,Software development and technology,new,2371
,,,
14/06/2016,Software development and technology,open,21892
,,,
14/06/2016,Writing and translation,closed,953
,,,
14/06/2016,Writing and translation,new,924
,,,
14/06/2016,Writing and translation,open,9933
,,,
15/06/2016,Business services,closed,129
,,,
15/06/2016,Business services,new,182
,,,
15/06/2016,Business services,open,2837
,,,
15/06/2016,Clerical and data entry,closed,1650
,,,
15/06/2016,Clerical and data entry,new,1153
,,,
15/06/2016,Clerical and data entry,open,8818
,,,
15/06/2016,Creative and multimedia,closed,1900
,,,
15/06/2016,Creative and multimedia,new,1807
,,,
15/06/2016,Creative and multimedia,open,11384
,,,
15/06/2016,None,closed,16
,,,
15/06/2016,None,new,13
,,,
15/06/2016,None,open,57
,,,
15/06/2016,Sales and marketing support,closed,785
,,,
15/06/2016,Sales and marketing support,new,829
,,,
15/06/2016,Sales and marketing support,open,6587
,,,
15/06/2016,Software development and technology,closed,2609
,,,
15/06/2016,Software development and technology,new,2844
,,,
15/06/2016,Software development and technology,open,21654
,,,
15/06/2016,Writing and translation,closed,1124
,,,
15/06/2016,Writing and translation,new,975
,,,
15/06/2016,Writing and translation,open,9733
,,,
16/06/2016,Business services,closed,119
,,,
16/06/2016,Business services,new,162
,,,
16/06/2016,Business services,open,2900
,,,
16/06/2016,Clerical and data entry,closed,1145
,,,
16/06/2016,Clerical and data entry,new,1278
,,,
16/06/2016,Clerical and data entry,open,8826
,,,
16/06/2016,Creative and multimedia,closed,1928
,,,
16/06/2016,Creative and multimedia,new,1708
,,,
16/06/2016,Creative and multimedia,open,11263
,,,
16/06/2016,None,closed,9
,,,
16/06/2016,None,new,16
,,,
16/06/2016,None,open,61
,,,
16/06/2016,Sales and marketing support,closed,706
,,,
16/06/2016,Sales and marketing support,new,596
,,,
16/06/2016,Sales and marketing support,open,6710
,,,
16/06/2016,Software development and technology,closed,2466
,,,
16/06/2016,Software development and technology,new,2606
,,,
16/06/2016,Software development and technology,open,22032
,,,
16/06/2016,Writing and translation,closed,863
,,,
16/06/2016,Writing and translation,new,1080
,,,
16/06/2016,Writing and translation,open,9845
,,,
17/06/2016,Business services,closed,160
,,,
17/06/2016,Business services,new,129
,,,
17/06/2016,Business services,open,2902
,,,
17/06/2016,Clerical and data entry,closed,1356
,,,
17/06/2016,Clerical and data entry,new,1096
,,,
17/06/2016,Clerical and data entry,open,8748
,,,
17/06/2016,Creative and multimedia,closed,1750
,,,
17/06/2016,Creative and multimedia,new,1802
,,,
17/06/2016,Creative and multimedia,open,11221
,,,
17/06/2016,None,closed,14
,,,
17/06/2016,None,new,13
,,,
17/06/2016,None,open,63
,,,
17/06/2016,Sales and marketing support,closed,661
,,,
17/06/2016,Sales and marketing support,new,684
,,,
17/06/2016,Sales and marketing support,open,6645
,,,
17/06/2016,Software development and technology,closed,2765
,,,
17/06/2016,Software development and technology,new,2516
,,,
17/06/2016,Software development and technology,open,21873
,,,
17/06/2016,Writing and translation,closed,947
,,,
17/06/2016,Writing and translation,new,938
,,,
17/06/2016,Writing and translation,open,9978
,,,
18/06/2016,Business services,closed,135
,,,
18/06/2016,Business services,new,130
,,,
18/06/2016,Business services,open,2896
,,,
18/06/2016,Clerical and data entry,closed,1080
,,,
18/06/2016,Clerical and data entry,new,1900
,,,
18/06/2016,Clerical and data entry,open,8766
,,,
18/06/2016,Creative and multimedia,closed,1649
,,,
18/06/2016,Creative and multimedia,new,1656
,,,
18/06/2016,Creative and multimedia,open,11374
,,,
18/06/2016,None,closed,12
,,,
18/06/2016,None,new,8
,,,
18/06/2016,None,open,64
,,,
18/06/2016,Sales and marketing support,closed,620
,,,
18/06/2016,Sales and marketing support,new,587
,,,
18/06/2016,Sales and marketing support,open,6709
,,,
18/06/2016,Software development and technology,closed,2419
,,,
18/06/2016,Software development and technology,new,2343
,,,
18/06/2016,Software development and technology,open,21970
,,,
18/06/2016,Writing and translation,closed,798
,,,
18/06/2016,Writing and translation,new,776
,,,
18/06/2016,Writing and translation,open,10118
,,,
19/06/2016,Business services,closed,106
,,,
19/06/2016,Business services,new,90
,,,
19/06/2016,Business services,open,2920
,,,
19/06/2016,Clerical and data entry,closed,1218
,,,
19/06/2016,Clerical and data entry,new,802
,,,
19/06/2016,Clerical and data entry,open,9448
,,,
19/06/2016,Creative and multimedia,closed,1158
,,,
19/06/2016,Creative and multimedia,new,1151
,,,
19/06/2016,Creative and multimedia,open,11873
,,,
19/06/2016,None,closed,9
,,,
19/06/2016,None,new,4
,,,
19/06/2016,None,open,63
,,,
19/06/2016,Sales and marketing support,closed,436
,,,
19/06/2016,Sales and marketing support,new,399
,,,
19/06/2016,Sales and marketing support,open,6860
,,,
19/06/2016,Software development and technology,closed,1849
,,,
19/06/2016,Software development and technology,new,1709
,,,
19/06/2016,Software development and technology,open,22464
,,,
19/06/2016,Writing and translation,closed,545
,,,
19/06/2016,Writing and translation,new,566
,,,
19/06/2016,Writing and translation,open,10349
,,,
20/06/2016,Business services,closed,91
,,,
20/06/2016,Business services,new,110
,,,
20/06/2016,Business services,open,2919
,,,
20/06/2016,Clerical and data entry,closed,1124
,,,
20/06/2016,Clerical and data entry,new,728
,,,
20/06/2016,Clerical and data entry,open,9126
,,,
20/06/2016,Creative and multimedia,closed,1082
,,,
20/06/2016,Creative and multimedia,new,1054
,,,
20/06/2016,Creative and multimedia,open,11942
,,,
20/06/2016,None,closed,9
,,,
20/06/2016,None,new,12
,,,
20/06/2016,None,open,58
,,,
20/06/2016,Sales and marketing support,closed,406
,,,
20/06/2016,Sales and marketing support,new,419
,,,
20/06/2016,Sales and marketing support,open,6853
,,,
20/06/2016,Software development and technology,closed,1650
,,,
20/06/2016,Software development and technology,new,1540
,,,
20/06/2016,Software development and technology,open,22523
,,,
20/06/2016,Writing and translation,closed,574
,,,
20/06/2016,Writing and translation,new,578
,,,
20/06/2016,Writing and translation,open,10341
,,,
21/06/2016,Business services,closed,145
,,,
21/06/2016,Business services,new,142
,,,
21/06/2016,Business services,open,2884
,,,
21/06/2016,Clerical and data entry,closed,1479
,,,
21/06/2016,Clerical and data entry,new,2057
,,,
21/06/2016,Clerical and data entry,open,8375
,,,
21/06/2016,Creative and multimedia,closed,1655
,,,
21/06/2016,Creative and multimedia,new,1782
,,,
21/06/2016,Creative and multimedia,open,11341
,,,
21/06/2016,None,closed,9
,,,
21/06/2016,None,new,8
,,,
21/06/2016,None,open,61
,,,
21/06/2016,Sales and marketing support,closed,644
,,,
21/06/2016,Sales and marketing support,new,770
,,,
21/06/2016,Sales and marketing support,open,6628
,,,
21/06/2016,Software development and technology,closed,2503
,,,
21/06/2016,Software development and technology,new,2478
,,,
21/06/2016,Software development and technology,open,21560
,,,
21/06/2016,Writing and translation,closed,812
,,,
21/06/2016,Writing and translation,new,863
,,,
21/06/2016,Writing and translation,open,10107
,,,
22/06/2016,Business services,closed,109
,,,
22/06/2016,Business services,new,211
,,,
22/06/2016,Business services,open,2917
,,,
22/06/2016,Clerical and data entry,closed,2237
,,,
22/06/2016,Clerical and data entry,new,1659
,,,
22/06/2016,Clerical and data entry,open,8196
,,,
22/06/2016,Creative and multimedia,closed,1317
,,,
22/06/2016,Creative and multimedia,new,1902
,,,
22/06/2016,Creative and multimedia,open,11806
,,,
22/06/2016,None,closed,13
,,,
22/06/2016,None,new,10
,,,
22/06/2016,None,open,56
,,,
22/06/2016,Sales and marketing support,closed,690
,,,
22/06/2016,Sales and marketing support,new,882
,,,
22/06/2016,Sales and marketing support,open,6708
,,,
22/06/2016,Software development and technology,closed,2121
,,,
22/06/2016,Software development and technology,new,2909
,,,
22/06/2016,Software development and technology,open,21917
,,,
22/06/2016,Writing and translation,closed,866
,,,
22/06/2016,Writing and translation,new,1094
,,,
22/06/2016,Writing and translation,open,10104
,,,
23/06/2016,Business services,closed,154
,,,
23/06/2016,Business services,new,155
,,,
23/06/2016,Business services,open,2974
,,,
23/06/2016,Clerical and data entry,closed,1334
,,,
23/06/2016,Clerical and data entry,new,1256
,,,
23/06/2016,Clerical and data entry,open,8521
,,,
23/06/2016,Creative and multimedia,closed,2127
,,,
23/06/2016,Creative and multimedia,new,1649
,,,
23/06/2016,Creative and multimedia,open,11581
,,,
23/06/2016,None,closed,18
,,,
23/06/2016,None,new,8
,,,
23/06/2016,None,open,48
,,,
23/06/2016,Sales and marketing support,closed,870
,,,
23/06/2016,Sales and marketing support,new,683
,,,
23/06/2016,Sales and marketing support,open,6720
,,,
23/06/2016,Software development and technology,closed,2975
,,,
23/06/2016,Software development and technology,new,2528
,,,
23/06/2016,Software development and technology,open,21851
,,,
23/06/2016,Writing and translation,closed,1044
,,,
23/06/2016,Writing and translation,new,913
,,,
23/06/2016,Writing and translation,open,10154
,,,
24/06/2016,Business services,closed,153
,,,
24/06/2016,Business services,new,154
,,,
24/06/2016,Business services,open,2976
,,,
24/06/2016,Clerical and data entry,closed,1188
,,,
24/06/2016,Clerical and data entry,new,1321
,,,
24/06/2016,Clerical and data entry,open,8589
,,,
24/06/2016,Creative and multimedia,closed,1964
,,,
24/06/2016,Creative and multimedia,new,1781
,,,
24/06/2016,Creative and multimedia,open,11266
,,,
24/06/2016,None,closed,14
,,,
24/06/2016,None,new,10
,,,
24/06/2016,None,open,42
,,,
24/06/2016,Sales and marketing support,closed,685
,,,
24/06/2016,Sales and marketing support,new,686
,,,
24/06/2016,Sales and marketing support,open,6718
,,,
24/06/2016,Software development and technology,closed,2661
,,,
24/06/2016,Software development and technology,new,2696
,,,
24/06/2016,Software development and technology,open,21718
,,,
24/06/2016,Writing and translation,closed,897
,,,
24/06/2016,Writing and translation,new,863
,,,
24/06/2016,Writing and translation,open,10170
,,,
25/06/2016,Business services,closed,155
,,,
25/06/2016,Business services,new,154
,,,
25/06/2016,Business services,open,2975
,,,
25/06/2016,Clerical and data entry,closed,1075
,,,
25/06/2016,Clerical and data entry,new,1338
,,,
25/06/2016,Clerical and data entry,open,8835
,,,
25/06/2016,Creative and multimedia,closed,1561
,,,
25/06/2016,Creative and multimedia,new,1582
,,,
25/06/2016,Creative and multimedia,open,11486
,,,
25/06/2016,None,closed,8
,,,
25/06/2016,None,new,10
,,,
25/06/2016,None,open,44
,,,
25/06/2016,Sales and marketing support,closed,618
,,,
25/06/2016,Sales and marketing support,new,584
,,,
25/06/2016,Sales and marketing support,open,6786
,,,
25/06/2016,Software development and technology,closed,2302
,,,
25/06/2016,Software development and technology,new,2330
,,,
25/06/2016,Software development and technology,open,22112
,,,
25/06/2016,Writing and translation,closed,765
,,,
25/06/2016,Writing and translation,new,793
,,,
25/06/2016,Writing and translation,open,10268
,,,
26/06/2016,Business services,closed,121
,,,
26/06/2016,Business services,new,92
,,,
26/06/2016,Business services,open,3008
,,,
26/06/2016,Clerical and data entry,closed,977
,,,
26/06/2016,Clerical and data entry,new,836
,,,
26/06/2016,Clerical and data entry,open,9196
,,,
26/06/2016,Creative and multimedia,closed,1203
,,,
26/06/2016,Creative and multimedia,new,1199
,,,
26/06/2016,Creative and multimedia,open,11865
,,,
26/06/2016,None,closed,6
,,,
26/06/2016,None,new,4
,,,
26/06/2016,None,open,48
,,,
26/06/2016,Sales and marketing support,closed,434
,,,
26/06/2016,Sales and marketing support,new,453
,,,
26/06/2016,Sales and marketing support,open,6936
,,,
26/06/2016,Software development and technology,closed,1988
,,,
26/06/2016,Software development and technology,new,1597
,,,
26/06/2016,Software development and technology,open,22454
,,,
26/06/2016,Writing and translation,closed,646
,,,
26/06/2016,Writing and translation,new,594
,,,
26/06/2016,Writing and translation,open,10415
,,,
27/06/2016,Business services,closed,121
,,,
27/06/2016,Business services,new,94
,,,
27/06/2016,Business services,open,2979
,,,
27/06/2016,Clerical and data entry,closed,902
,,,
27/06/2016,Clerical and data entry,new,725
,,,
27/06/2016,Clerical and data entry,open,9130
,,,
27/06/2016,Creative and multimedia,closed,1092
,,,
27/06/2016,Creative and multimedia,new,1187
,,,
27/06/2016,Creative and multimedia,open,11972
,,,
27/06/2016,None,closed,7
,,,
27/06/2016,None,new,4
,,,
27/06/2016,None,open,45
,,,
27/06/2016,Sales and marketing support,closed,417
,,,
27/06/2016,Sales and marketing support,new,414
,,,
27/06/2016,Sales and marketing support,open,6972
,,,
27/06/2016,Software development and technology,closed,1624
,,,
27/06/2016,Software development and technology,new,1551
,,,
27/06/2016,Software development and technology,open,22427
,,,
27/06/2016,Writing and translation,closed,581
,,,
27/06/2016,Writing and translation,new,525
,,,
27/06/2016,Writing and translation,open,10428
,,,
28/06/2016,Business services,closed,118
,,,
28/06/2016,Business services,new,154
,,,
28/06/2016,Business services,open,2955
,,,
28/06/2016,Clerical and data entry,closed,982
,,,
28/06/2016,Clerical and data entry,new,1488
,,,
28/06/2016,Clerical and data entry,open,8873
,,,
28/06/2016,Creative and multimedia,closed,2665
,,,
28/06/2016,Creative and multimedia,new,1447
,,,
28/06/2016,Creative and multimedia,open,10494
,,,
28/06/2016,None,closed,10
,,,
28/06/2016,None,new,56
,,,
28/06/2016,None,open,39
,,,
28/06/2016,Sales and marketing support,closed,733
,,,
28/06/2016,Sales and marketing support,new,729
,,,
28/06/2016,Sales and marketing support,open,6653
,,,
28/06/2016,Software development and technology,closed,2376
,,,
28/06/2016,Software development and technology,new,3137
,,,
28/06/2016,Software development and technology,open,21604
,,,
28/06/2016,Writing and translation,closed,921
,,,
28/06/2016,Writing and translation,new,859
,,,
28/06/2016,Writing and translation,open,10032
,,,
29/06/2016,Business services,closed,126
,,,
29/06/2016,Business services,new,142
,,,
29/06/2016,Business services,open,2983
,,,
29/06/2016,Clerical and data entry,closed,1622
,,,
29/06/2016,Clerical and data entry,new,1325
,,,
29/06/2016,Clerical and data entry,open,8740
,,,
29/06/2016,Creative and multimedia,closed,1684
,,,
29/06/2016,Creative and multimedia,new,1900
,,,
29/06/2016,Creative and multimedia,open,10257
,,,
29/06/2016,None,closed,16
,,,
29/06/2016,None,new,35
,,,
29/06/2016,None,open,77
,,,
29/06/2016,Sales and marketing support,closed,718
,,,
29/06/2016,Sales and marketing support,new,716
,,,
29/06/2016,Sales and marketing support,open,6664
,,,
29/06/2016,Software development and technology,closed,2572
,,,
29/06/2016,Software development and technology,new,3261
,,,
29/06/2016,Software development and technology,open,22169
,,,
29/06/2016,Writing and translation,closed,917
,,,
29/06/2016,Writing and translation,new,936
,,,
29/06/2016,Writing and translation,open,9974
,,,
30/06/2016,Business services,closed,186
,,,
30/06/2016,Business services,new,211
,,,
30/06/2016,Business services,open,2939
,,,
30/06/2016,Clerical and data entry,closed,1448
,,,
30/06/2016,Clerical and data entry,new,1443
,,,
30/06/2016,Clerical and data entry,open,8617
,,,
30/06/2016,Creative and multimedia,closed,1703
,,,
30/06/2016,Creative and multimedia,new,2867
,,,
30/06/2016,Creative and multimedia,open,10454
,,,
30/06/2016,None,closed,50
,,,
30/06/2016,None,new,21
,,,
30/06/2016,None,open,64
,,,
30/06/2016,Sales and marketing support,closed,804
,,,
30/06/2016,Sales and marketing support,new,854
,,,
30/06/2016,Sales and marketing support,open,6576
,,,
30/06/2016,Software development and technology,closed,3907
,,,
30/06/2016,Software development and technology,new,2565
,,,
30/06/2016,Software development and technology,open,21523
,,,
30/06/2016,Writing and translation,closed,1050
,,,
30/06/2016,Writing and translation,new,1074
,,,
30/06/2016,Writing and translation,open,9860
,,,
01/07/2016,Business services,closed,138
,,,
01/07/2016,Business services,new,147
,,,
01/07/2016,Business services,open,3012
,,,
01/07/2016,Clerical and data entry,closed,1465
,,,
01/07/2016,Clerical and data entry,new,1240
,,,
01/07/2016,Clerical and data entry,open,8595
,,,
01/07/2016,Creative and multimedia,closed,1692
,,,
01/07/2016,Creative and multimedia,new,1746
,,,
01/07/2016,Creative and multimedia,open,11629
,,,
01/07/2016,None,closed,14
,,,
01/07/2016,None,new,22
,,,
01/07/2016,None,open,71
,,,
01/07/2016,Sales and marketing support,closed,681
,,,
01/07/2016,Sales and marketing support,new,679
,,,
01/07/2016,Sales and marketing support,open,6749
,,,
01/07/2016,Software development and technology,closed,2710
,,,
01/07/2016,Software development and technology,new,2564
,,,
01/07/2016,Software development and technology,open,21375
,,,
01/07/2016,Writing and translation,closed,703
,,,
01/07/2016,Writing and translation,new,969
,,,
01/07/2016,Writing and translation,open,10231
,,,
02/07/2016,Business services,closed,135
,,,
02/07/2016,Business services,new,99
,,,
02/07/2016,Business services,open,3024
,,,
02/07/2016,Clerical and data entry,closed,1111
,,,
02/07/2016,Clerical and data entry,new,1146
,,,
02/07/2016,Clerical and data entry,open,8724
,,,
02/07/2016,Creative and multimedia,closed,1545
,,,
02/07/2016,Creative and multimedia,new,1451
,,,
02/07/2016,Creative and multimedia,open,11830
,,,
02/07/2016,None,closed,14
,,,
02/07/2016,None,new,8
,,,
02/07/2016,None,open,79
,,,
02/07/2016,Sales and marketing support,closed,587
,,,
02/07/2016,Sales and marketing support,new,547
,,,
02/07/2016,Sales and marketing support,open,6841
,,,
02/07/2016,Software development and technology,closed,2141
,,,
02/07/2016,Software development and technology,new,2445
,,,
02/07/2016,Software development and technology,open,21798
,,,
02/07/2016,Writing and translation,closed,766
,,,
02/07/2016,Writing and translation,new,666
,,,
02/07/2016,Writing and translation,open,10434
,,,
03/07/2016,Business services,closed,117
,,,
03/07/2016,Business services,new,75
,,,
03/07/2016,Business services,open,3006
,,,
03/07/2016,Clerical and data entry,closed,991
,,,
03/07/2016,Clerical and data entry,new,825
,,,
03/07/2016,Clerical and data entry,open,8880
,,,
03/07/2016,Creative and multimedia,closed,1297
,,,
03/07/2016,Creative and multimedia,new,1187
,,,
03/07/2016,Creative and multimedia,open,11984
,,,
03/07/2016,None,closed,7
,,,
03/07/2016,None,new,10
,,,
03/07/2016,None,open,80
,,,
03/07/2016,Sales and marketing support,closed,420
,,,
03/07/2016,Sales and marketing support,new,495
,,,
03/07/2016,Sales and marketing support,open,6968
,,,
03/07/2016,Software development and technology,closed,1841
,,,
03/07/2016,Software development and technology,new,1572
,,,
03/07/2016,Software development and technology,open,22402
,,,
03/07/2016,Writing and translation,closed,580
,,,
03/07/2016,Writing and translation,new,538
,,,
03/07/2016,Writing and translation,open,10520
,,,
04/07/2016,Business services,closed,100
,,,
04/07/2016,Business services,new,54
,,,
04/07/2016,Business services,open,2981
,,,
04/07/2016,Clerical and data entry,closed,888
,,,
04/07/2016,Clerical and data entry,new,785
,,,
04/07/2016,Clerical and data entry,open,8817
,,,
04/07/2016,Creative and multimedia,closed,1071
,,,
04/07/2016,Creative and multimedia,new,1053
,,,
04/07/2016,Creative and multimedia,open,12100
,,,
04/07/2016,None,closed,4
,,,
04/07/2016,None,new,11
,,,
04/07/2016,None,open,86
,,,
04/07/2016,Sales and marketing support,closed,378
,,,
04/07/2016,Sales and marketing support,new,386
,,,
04/07/2016,Sales and marketing support,open,7085
,,,
04/07/2016,Software development and technology,closed,1475
,,,
04/07/2016,Software development and technology,new,1466
,,,
04/07/2016,Software development and technology,open,22499
,,,
04/07/2016,Writing and translation,closed,505
,,,
04/07/2016,Writing and translation,new,437
,,,
04/07/2016,Writing and translation,open,10553
,,,
05/07/2016,Business services,closed,316
,,,
05/07/2016,Business services,new,112
,,,
05/07/2016,Business services,open,2719
,,,
05/07/2016,Clerical and data entry,closed,1683
,,,
05/07/2016,Clerical and data entry,new,1568
,,,
05/07/2016,Clerical and data entry,open,7918
,,,
05/07/2016,Creative and multimedia,closed,1992
,,,
05/07/2016,Creative and multimedia,new,1410
,,,
05/07/2016,Creative and multimedia,open,11161
,,,
05/07/2016,None,closed,13
,,,
05/07/2016,None,new,19
,,,
05/07/2016,None,open,84
,,,
05/07/2016,Sales and marketing support,closed,1066
,,,
05/07/2016,Sales and marketing support,new,523
,,,
05/07/2016,Sales and marketing support,open,6405
,,,
05/07/2016,Software development and technology,closed,3251
,,,
05/07/2016,Software development and technology,new,1980
,,,
05/07/2016,Software development and technology,open,20714
,,,
05/07/2016,Writing and translation,closed,1452
,,,
05/07/2016,Writing and translation,new,659
,,,
05/07/2016,Writing and translation,open,9538
,,,
06/07/2016,Business services,closed,96
,,,
06/07/2016,Business services,new,338
,,,
06/07/2016,Business services,open,2735
,,,
06/07/2016,Clerical and data entry,closed,1638
,,,
06/07/2016,Clerical and data entry,new,1794
,,,
06/07/2016,Clerical and data entry,open,7848
,,,
06/07/2016,Creative and multimedia,closed,1754
,,,
06/07/2016,Creative and multimedia,new,2207
,,,
06/07/2016,Creative and multimedia,open,10817
,,,
06/07/2016,None,closed,19
,,,
06/07/2016,None,new,19
,,,
06/07/2016,None,open,84
,,,
06/07/2016,Sales and marketing support,closed,626
,,,
06/07/2016,Sales and marketing support,new,1042
,,,
06/07/2016,Sales and marketing support,open,6302
,,,
06/07/2016,Software development and technology,closed,2273
,,,
06/07/2016,Software development and technology,new,3495
,,,
06/07/2016,Software development and technology,open,20421
,,,
06/07/2016,Writing and translation,closed,846
,,,
06/07/2016,Writing and translation,new,1631
,,,
06/07/2016,Writing and translation,open,9351